"q_number","waves_present","n_waves","labels","variables"
1,"W2, W3, W4, W5, W6",5,"How would you rate the overall economic condition of our cou || q1. How would you rate the overall economic condition of our || 1. How would you rate the overll economic condition of our c || 1. How would you rate the overall economic condition of our  || 1 How would you rate the overall economic condition of our c","q1, q1, q1, q1, q1"
2,"W2, W3, W4, W5, W6",5,"How would you describe the change in the economic condition  || q2. How would you describe the change in the economic condit || 2. How would you dsecribe the change in the economic conditi || 2 How would you describe the change in the economic conditio","q2, q2, q2, q2, q2"
3,"W2, W3, W4, W5, W6",5,"What do you think will be the state of our country's economi || q3. What do you think will be the state of our country's eco || 3. What do you think will be the state of our country's econ || 3 What do you think will be the state of our country's econo","q3, q3, q3, q3, q3"
4,"W2, W3, W4, W5, W6",5,"As for your own family, how do you rate your economic situat || q4. As for your own family, how do you rate the economic sit || 4. As for your own family, how do you rate the economic situ || 4 As for your own family, how do you rate the economic situa","q4, q4, q4, q4, q4"
5,"W2, W3, W4, W5, W6",5,"How would you compare the current economic condition of your || q5. How would you compare the current economic condition of  || 5. How would you compare the current economic condition of y || 5 How would you compare the current economic condition of yo","q5, q5, q5, q5, q5"
6,"W2, W3, W4, W5, W6",5,"What do you think the economic situation of your family will || q6. What do you think the economic situation of your family  || 6. What do you think the economic situation of your family w || 6 What do you think the economic situation of your family wi","q6, q6, q6, q6, q6"
7,"W2, W3, W4, W5, W6",5,"Trust in Prime Minister or president || q7. I'm going to name a number of institutions. For each one || 7 Trust in the excutive office (president or prime minister)","q7, q7, q7, q7, q7"
8,"W2, W3, W4, W5, W6",5,"Trust in the Courts || q8. The courts || 8 The courts","q8, q8, q8, q8, q8"
9,"W2, W3, W4, W5, W6",5,"Trust in the national government || q9. The national government [in capital city] || 9 National government in the capital city","q9, q9, q9, q9, q9"
10,"W2, W3, W4, W5, W6",5,"Trust in Political parties || q10. Political parties [not any specific party] || 10 Political parties || 10 Political parties[not any specific party] || 10 Political parties [not any specific party]","q10, q10, q10, q10, q10"
11,"W2, W3, W4, W5, W6",5,"Trust in Parliament || q11. Parliament || 11 Parliament","q11, q11, q11, q11, q11"
12,"W2, W3, W4, W5, W6",5,"Trust in Civil service || q12. Civil service || 12 Civil service || 12 Civil Service","q12, q12, q12, q12, q12"
13,"W2, W3, W4, W5, W6",5,"Trust in the military(or armed forces) || q13. The military(or armed forces) || 13 The military || 13 The military or armed force || 13 The military or armed forces","q13, q13, q13, q13, q13"
14,"W2, W3, W4, W5, W6",5,"Trust in the police || q14. The police || 14 The police","q14, q14, q14, q14, q14"
15,"W2, W3, W4, W5, W6",5,"Trust in local government || q15. Local government || 15 Local government","q15, q15, q15, q15, q15"
16,"W2, W3, W4, W5, W6",5,"Trust in newspaper || q16. Newspapers || 16 Newspaper || 16 The election commission","q16, q16, q16, q16, q16"
17,"W2, W3, W4, W5, W6",5,"Trust in television || q17. Television || 17 Television || 17 Non-government organizations or NGOs","q17, q17, q17, q17, q17"
18,"W2, W3, W4, W5, W6, W6",5,"Trust in the election commission(Singapore: International TV || q18. The election commission [specify institution by name] < || 18 The election commission || 18. Name of the organization you belong to. First || 18 Name of the organization you belong to. First || 18 Other specify responses","q18, q18, q18, q18, q18, q18_other"
19,"W2, W3, W4, W5, W6, W6",5,"Trust in NGOs || q19. Non-governmental organizations or NGOs <Optional> || 19 Non-government organizations or NGOs || 19. Name of the organization you belong to. Second || 19 Name of the organization you belong to. Second || 19 Other specify responses","q19, q19, q19, q19, q19, q19_other"
20,"W2, W2, W2, W2, W3, W4, W5, W6, W6",5,"Are you a member of any organization or formal groups? || First organization || Second organization || Third organization || q20. Could you identity the three most important organizatio || 20. Name of the organization you belong to. First || 20. Name of the organization that you belong to. Third || 20 Name of the organization that you belong to. Third || 20 Other specify responses","q20, q20_1, q20_2, q20_3, q20, q20, q20, q20, q20_other"
23,"W2, W3, W4, W5, W6",5,"General speaking, would you say ""Most people can be trusted"" || q23. General speaking, would you say that ""Most people can b || 23 Would you say that ""Most people can be trusted"" or ""that  || 23 Do you agree with the statement that 'most people are tru","q23, q23, q23, q23, q23"
24,"W2, W3, W4, W5, W6",5,"How much trust do you have in your relatives? || q24. Do you think most people would try to take advantage of || 24. Do you ageee with the statement 'Most people are trustwo || 24 How much trust do you have in each of the following types","q24, q24, q24, q24, q24"
25,"W2, W3, W4, W5, W6",5,"How much trust do you have in your neighbors? || q25. How much trust do you have in each of the following typ || 25 Do you think most people would try to take advantage of y || 25 Trust in your neighbors","q25, q25, q25, q25, q25"
26,"W2, W3, W4, W5, W6",5,"How much trust do you have in other people you interact with || q26. Your neighbors || 26. How much do you trust your relatives? || 26 Trust in other people you interact with","q26, q26, q26, q26, q26"
27,"W2, W3, W4, W5, W6",5,"On average, about how many people do you have contact with i || q27. Other people you interact with || 27. Trust your neighbors || 27 Trust in people you meet for the first time","q27, q27, q27, q27, q27"
28,"W2, W3, W4, W5, W6",5,"How often are you asked to help influence important decision || q28. On average, about how many people do you have contact w || 28. Trust other people you interact with || 28 How many people do you have contact within a typical week || 28 How many people do you have contact with in a typical wee","q28, q28, q28, q28, q28"
29,"W2, W3, W4, W5, W6",5,"And are there people you could ask to help influence importa || q29. If you have a difficult problem to manage, are there pe || 29. How many people do you have contact within a typical wee || 29 Which of the following best describes your relations with","q29, q29, q29, q29, q29"
30,"W2, W3, W4, W5, W6",5,"Do you agree or disagree with the following statement: By he || q30. When people outside your household have problems, do th || 30. If you have a difficult problem to manage, are there peo || 30 Among these people you have frequent contacts, which of t","q30, q30, q30, q30, q30"
31,"W2, W3, W4, W5, W6",5,"Would you have a hard time conversing with your friends or c || q31. If you had friends or co-workers whose opinions on poli || 31. When people outside your household have problems, do the || 31 If you have a difficult problem to manage, are there peop","q31, q31, q31, q31, q31"
32,"W2, W3, W4, W5, W6",5,"Generally speaking, how safe is living in this city/town/vil || q32. In talking to people about elections, we often find tha || 32 If you had friends or co-workers whose opinions on politi","q32, q32, q32, q32, q32"
33,"W2, W3, W3, W4, W5, W6",5,"Compared to the situation in this city/town/village a few ye || q33. Which parties (or candidates for president if it was pr || q33a. Based on the answer to Q33, please construct a new var || 33 Did you vote in the last national election? || 33 Did you vote in the national election?","q33, q33, q33a, q33, q33, q33"
34,"W2, W3, W4, W4, W5, W5, W6, W6, W6",5,"Have you been a victim of car, motorcycle or bicycle theft? || q34. Thinking about the national election in [year], did you || 34 Which parties or candidates did you vote for? || 34a Did the respondent vote for the winning or losing camp? || 34. Other specify responses","q34, q34, q34, q34a, q34, q34a, q34, q34other, q34a"
35,"W2, W3, W4, W5, W6",5,"Have you been a victim of pick-pocketing/robbery of personal || q35. try to persuade others to vote for a certain candidate  || 35. Did you attend a campaign meeting or rally? || 35. Did you attend a campaign meeting or rally in the last n || 35 Did you attend a campaign meeting or rally in the last na","q35, q35, q35, q35, q35"
36,"W2, W3, W4, W5, W6",5,"Have you been a victim of break-in at your home? || q36. Did you do anything else to help out or work for a part || 36. Try to persudae others to vote for a certain candidate o || 36 Try to persuade others to vote for a certain candidate or","q36, q36, q36, q36, q36"
37,"W2, W3, W4, W5, W6",5,"Have you been a victim of physical violence? || q37. On the whole, how free and fair would you say the last  || 37. Did you do anything else to help out or work for a party || 37 Did you do anything else to help out or work for a party ","q37, q37, q37, q37, q37"
38,"W2, W3, W4, W5, W6",5,"Have you voted in the last election? || q38. Based on your experience, how easy or difficult is it t || 38.On the whole, how free and fair would you say the last na || 38 On the whole, how free and fair would you say the last na","q38, q38, q38, q38, q38"
39,"W2, W2, W3, W4, W5, W6",5,"Which parties (or candidates for president if it was preside || If the respondent voted for the winning camp or loosing camp || q39. A place in a public primary school for a child || 39. How easy or difficult to obtain an identity document ser || 39 How easy or difficult to obtain roads in good condition || 39 How easy or difficult to obtain the roads in good conditi","q39, q39a, q39, q39, q39, q39"
40,"W2, W3, W4, W5, W6",5,"Attend a campaign meeting or rally || q40. Medical treatment at a nearby clinic || 40. How easy or difficult to obtain a place in a public prim || 40 How easy or difficult to obtain running water","q40, q40, q40, q40, q40"
41,"W2, W3, W4, W5, W6",5,"Try to persuade others to vote for a certain candidate or pa || q41. Help from the police when you need it || 41. How easy or difficult to obtain medical treatment at nea || 41 How easy or difficult to obtain public transportation","q41, q41, q41, q41, q41"
42,"W2, W3, W4, W5, W6",5,"Did you do anything else to help out or work for a party or  || q42. Generally speaking, how safe is living in this city/ to || 42. How easy or difficult to obtain help from the police whe || 42 How easy or difficult to obtain healthcare","q42, q42, q42, q42, q42"
43,"W2, W3, W4, W5, W6",5,"On the whole, how would you rate the freeness and fairness o || q43. How interested would you say you are in politics? || 43. How safe is living in this city/ town/ village || 43 How easy or difficult to obtain help from the pollice whe || 43 How easy or difficult to obtain help from the police when","q43, q43, q43, q43, q43"
44,"W2, W3, W4, W5, W6",5,"How easy is it to obtain: An identity document || q44. How often do you follow news about politics and governm || 44. How interested would you say you are in politics? || 44 How easy or difficult to obtain access to the internet || 44 How easy or difficult to obtain access to the Internet","q44, q44, q44, q44, q44"
45,"W2, W3, W4, W5, W6",5,"How easy is it to obtain: A place in public primary school f || q45. How often do you use the internet? || 45. How often do you follow news about politics and governme || 45 Generally speaking, how safe is living in this city/town/ || 45 How easy or difficult to obtain childcare","q45, q45, q45, q45, q45"
46,"W2, W3, W4, W5, W6",5,"How easy is it to obtain: Medical treatment at a nearby clin || q46. When you get together with your family members or frien || 46. When you get together with your family members or friend || 46 How interested would you say you are in politics? || 46 Generally speaking, how safe is living in this city/town/","q46, q46, q46, q46, q46"
47,"W2, W3, W4, W5, W6",5,"How easy is it to obtain: Help from the police when you need || q47. Among the political parties listed here, which party if || 47. Do you have Internet access at home? || 47 How often do you follow news about politics and governmen || 47 How interested would you say you are in politics?","q47, q47, q47, q47, q47"
48,"W2, W3, W4, W5, W6",5,"How would you describe the present political situation in ou || q48. How close do you feel to (answer in Q47)? Is it very cl || 48. Do you have Internet access on a mobile phone? || 48 When you get together with your family members or friends || 48 How often do you follow news about politics and governmen","q48, q48, q48, q48, q48"
49,"W2, W3, W4, W5, W6",5,"How interested would you say you are in politics || q49. Please tell me how you feel about the following stateme || 49. How often do you use the internet? || 49 How often do you use the internet, either through compute || 49 When you get together with your family members or friends","q49, q49, q49, q49, q49"
50,"W2, W3, W4, W5, W6",5,"How often do you follow news about politics and government || q50. For the sake of the family, the individual should put h || 50. Do you currently use any of the following social media n || 50 Do you currently use any of the following social media ne || 50 How often do you use the internet, either through compute","q50, q50, q50, q50, q50"
51,"W2, W2, W2, W2, W2, W2, W2, W2, W2, W3, W4, W5, W5, W5, W5, W6, W6, W6, W6, W6, W6, W6, W6, W6, W6, W6, W6",5,"Main source of information. Question 51.01 Television || Question 51.02 Newspaper || Question 51.03 Radio || Question 51.04 Internet || Question 51.05 Cell phone short message (SMS) || Question 51.06 Personal contact || Question 51.07 Other || Magazine || From Q51 Which is most important || q51. In a group, we should sacrifice our individual interest || 51. How often do you use the Internet or social media networ || 51a You use social media primarily to connect with other peo || 51b You use social media primarily to expresss my opinion on || 51c You use social media primarily to share news or informat || 51d You use social media primarily for work || 51a Which social media and text messaging services do you ac || 51b Twitter || 51c Instagram || 51d Youtube || 51e Tiktok || q51f Messenger || q51g Telegram || q51h Line || q51i Whatsapp || q51j Snapchat || q51k Vchat || q51l Tumblr","q51_1, q51_2, q51_3, q51_4, q51_5, q51_6, q51_7, q51_8, q51a, q51, q51, q51a, q51b, q51c, q51d, q51a_Facebook, q51b_Twitter, q51c_Instagram, q51d_Youtube, q51e_Tiktok, q51f_Messenger, q51g_Telegram, q51h_Line, q51i_Whatsapp, q51j_Snapchat, q51k_Vchat, q51l_Tumblr"
52,"W2, W3, W4, W5, W6, W6, W6, W6",5,"When you get together with your family members or friends, h || q52. For the sake of national interest, individual interest  || 52. How often do you use the Internet or social media networ || 52 Which one is the most important channel for you to find i || 52a How often do you use social media to talk to or to conne || 52b How often do you use social media to express my opinion  || 52c How often do you use social media to share news or infor || 52d How often do you use social media to organize to influen","q52, q52, q52, q52, q52a, q52b, q52c, q52d"
53,"W2, W3, W4, W5, W6, W6",5,"How much impact do you feel government politics have on your || q53. When dealing with others, developing a long-term relati || 53.Among the political parties listed here, which party if a || 53 How much trust do you have in each of the following types || 53 Which one is the most important channel for you to find i || 53. Other specify responses","q53, q53, q53, q53, q53, q53other"
54,"W2, W3, W4, W5, W6, W6",5,"Among the political parties listed here, which party if any  || q54. When dealing with others, one should not only focus on  || 54. How close do you feel to (answer in q53)? || 54 How much trust do you have in each of the following types || 54 Among the political parties listed here, which party if a || 54. Other specify responses","q54, q54, q54, q54, q54, q54other"
55,"W2, W3, W4, W5, W6",5,"How close do you feel to the party(answer in Q54)? || q55. Even if parents' demands are unreasonable, children sti || 55 For the sake of the family, the individual should put his || 55 How much trust do you have in each of the following types || 55 How close do you feel to (answer in Q54)? Is it very clos","q55, q55, q55, q55, q55"
56,"W2, W3, W4, W5, W6",5,"Even if parents' demands are unreasonable, children still sh || q56. When a mother-in-law and a daughter-in-law come into co || 56. In a group, we should sacrifice our individual interest  || 56 Among the political parties listed here, which party if a || 56 For the sake of the family, the individual should put his","q56, q56, q56, q56, q56"
57,"W2, W3, W4, W5, W6",5,"Being a student, one should not question the authority of th || q57. Being a student, one should not question the authority  || 57. For the sake of national interest, individual interest c || 57 How close do you feel to (answer in Q56)? Is it very clos || 57 In a group, we should sacrifice our individual interest f","q57, q57, q57, q57, q57"
58,"W2, W3, W4, W5, W6",5,"When one has conflict with a neighbor, the best way to deal  || q58. In a group, we should avoid open quarrel to preserve th || 58. When dealing with others, developing a long-term relatio || 58 For the sake of the family, the individual should put his || 58 For the sake of national interest, individual interest co","q58, q58, q58, q58, q58"
59,"W2, W3, W4, W5, W6",5,"A person should not insist on his own opinion if his co-work || q59. Even if there is some disagreement with others, one sho || 59. When dealing with others, one should not only focus on i || 59 In a group, we should sacrifice our individual interest f || 59 When dealing with others, developing a long-term relation","q59, q59, q59, q59, q59"
60,"W2, W3, W4, W5, W6",5,"For the sake of the family, the individual should put his pe || q60. A person should not insist on his own opinion if his co || 60. Even if parents' demands are unreasonable, children stil || 60 For the sake of national interest, individual interest co || 60 Even if parents' demands are unreasonable, children still","q60, q60, q60, q60, q60"
61,"W2, W3, W4, W5, W6",5,"Sometimes one has to follow one's own beliefs regardless of  || q61. Wealth and poverty, success and failure are all determi || 61. When a mother-in-law and a daughter-in-law come into con || 61 When dealing with others, developing a long-term relation || 61 When a mother-in-law and a daughter-in-law come into conf","q61, q61, q61, q61, q61"
62,"W2, W3, W4, W5, W6",5,"When dealing with others, securing one's immediate interests || q62. If one could have only one child, it is more preferable || 62. Being a student, one should not question the authority o || 62 Even if parents' demands are unreasonable, children still || 62 Being a student, one should not question the authority of","q62, q62, q62, q62, q62"
63,"W2, W3, W4, W5, W6",5,"Open quarrels (criticisms) among politicians are harmful to  || q63. When dealing with others, one should not be preoccupied || 63. In a group, we should avoid open quarrel to preserve the || 63 When a mother-in-law and a daughter-in-law come into conf || 63 In a group, we should avoid open quarrel to preserve the ","q63, q63, q63, q63, q63"
64,"W2, W3, W4, W5, W6",5,"The relationship between the government and the people shoul || q64. In the past three (3) years, have you never, once, or m || 64. Even if there is some disagreement with others, one shou || 64 Being a student, one should not question the authority of || 64 Even if there is some disagreement with others, one shoul","q64, q64, q64, q64, q64"
65,"W2, W3, W4, W5, W6",5,"People should always support the decisions of their governme || q65. Contacted officials at higher level. || 65. A person should not insist on his own opinion if his co- || 65 In a group, we should avoid open quarrel to preserve the  || 65 A person should not insist on his own opinion if his co-w","q65, q65, q65, q65, q65"
66,"W2, W3, W4, W5, W6",5,"How often do you use the internet? || q66. Contacted traditional leaders/community leaders. || 66. Wealth and poverty, success and failure are all determin || 66 Even if there is some disagreement with others, one shoul || 66 Wealth and poverty, success and failure are all determine","q66, q66, q66, q66, q66"
67,"W2, W3, W4, W5, W6",5,"How closely do you follow major events in foreign countries/ || q67. Contacted other influential people outside the governme || 67. If one could have only one child, it is more preferable  || 67 A person should not insist on his own opinion if his co-w || 67 If one could have only one child, it is more preferable t","q67, q67, q67, q67, q67"
68,"W2, W3, W4, W5, W6",5,"Have you traveled abroad before? If you have, how often do y || q68. Contacted news media || 68. When dealing with others, one should not be preoccupied  || 68 Wealth and poverty, success and failure are all determine || 68 In the past three years, have you ever contacted elected ","q68, q68, q68, q68, q68"
69,"W2, W3, W4, W4, W5, W6",5,"How often do you have personal contact with foreigners? || q69. Here is a list of actions that people sometimes take as || 69 In the past three years, have you ever contacted elected  || 69a In the past three years, have you ever contacted elected || 69 If one could have only one child, it is more preferable t || 69  Contacted civil servants or officials","q69, q69, q69, q69a, q69, q69"
70,"W2, W3, W4, W4, W5, W6",5,"We should give up gains in the present for the possibility o || q70. Got together with others to raise an issue or sign a pe || 70  Contacted officials at higher level-3 categories. || 70a  Contacted officials at higher level--4 categories. || 70 In the past three years, have you ever contacted elected  || 70  Contacted other influential people outside the governmen","q70, q70, q70, q70a, q70, q70"
71,"W2, W3, W4, W4, W5, W6",5,"Conflict among political groups is not a bad thing for our c || q71. Attended a demonstration or protest march || 71 Contacted traditional leaders/community leaders-3 categor || 71a Contacted traditional leaders/community leaders-4 catego || 71 Contacted civil servants or officials || 71  Contacted news media","q71, q71, q71, q71a, q71, q71"
72,"W2, W3, W4, W4, W5, W6",5,"If a government policy serves the interests of the majority  || q72. Used force or violence for a political cause || 72  Contacted other influential people outside the governmen || 72a  Contacted other influential people outside the governme || 72 Contacted other influential people outside the government || 72  Signed a paper or online petition?","q72, q72, q72, q72a, q72, q72"
73,"W2, W3, W4, W4, W5, W6",5,"The best way to deal with complicated political issues shoul || q73. Thinking of whether you voted or not ever since you bec || 73  Contacted news media-3 categories || 73a  Contacted news media-4 categories || 73 Contacted news media || 73  Used the Internet including Social Media Networks to exp","q73, q73, q73, q73a, q73, q73"
74,"W2, W3, W3, W4, W4, W5, W6",5,"Political reform should be introduced little-by-little inste || q74. Let's talk for a moment about the kind of government yo || q74a. Do you strongly agree or just agree with the chosen st || 74 Whether you personally have ever got together with others || 74a Whether you personally have ever got together with other || 74 Signed a paper petition || 74  Joined a group to activiely support a cause [including o","q74, q74, q74a, q74, q74a, q74, q74"
75,"W2, W3, W3, W4, W4, W5, W6",5,"Cruel criminals should be punished immediately without regar || q75. Let's talk for a moment about the kind of government yo || q75a. Do you strongly agree or just agree with the chosen st || 75 Got together with others to raise an issue or sign a peti || 75a Got together with others to raise an issue or sign a pet || 75 Signed an online petition || 75  Got together with others face-to face to try to resolve ","q75, q75, q75a, q75, q75a, q75, q75"
76,"W2, W3, W3, W4, W4, W5, W6",5,"For the sake of the national community/society, the individu || q76. Let's talk for a moment about the kind of government yo || q76a. Do you strongly agree or just agree with the chosen st || 76 Attended a demonstration or protest march-3 categories || 76a Attended a demonstration or protest march-4 categories || 76 Used the internet including social media networks to expr || 76  Attended a demonstration or protest march","q76, q76, q76a, q76, q76a, q76, q76"
77,"W2, W3, W3, W4, W4, W5, W6",5,"The most important thing for political leaders is to accompl || q77. Let's talk for a moment about the kind of government yo || q77a. Do you strongly agree or just agree with the chosen st || 77 Used force or violence for a political cause-3 categories || 77a Used force or violence for a political cause-4 categorie || 77 Joined a group to actively support a cause(including onli || 77  Taken an action or done something for a political cause ","q77, q77, q77a, q77, q77a, q77, q77"
78,"W2, W3, W3, W4, W5, W6",5,"If possible, I don't want to get involved in political matte || q78. Let's talk for a moment about the kind of government yo || q78a. Do you strongly agree or just agree with the chosen st || 78 Thinking of whether you voted or not ever since you becam || 78 Got together with others face-to-face to try to resolve l","q78, q78, q78a, q78, q78, q78"
79,"W2, W3, W3, W4, W4, W5, W6",5,"Contacted government (administrative) official || q79. Let's talk for a moment about the kind of government yo || q79a. Do you strongly agree or just agree with the chosen st || 79. Which of the following statements do you agree with most || 79a. Do you strongly agree or just agree with the chosen sta || 79 Attended a demonstration or protest march || 79 In recent years and thinking about election campaigns, ha","q79, q79, q79a, q79, q79a, q79, q79"
80,"W2, W3, W4, W4, W5, W6",5,"Contacted officials at higher level || q80. Over the long run, our system of government is capable  || 80. which of the following statements do you agree with most || 80a. Do you strongly agree or just agree with the chosen sta || 80 Taken an action or done something for a political cause t || 80  Over the long run, our system of government is capable o","q80, q80, q80, q80a, q80, q80"
81,"W2, W3, W4, W4, W5, W6",5,"Contacted elected officials or legislative representatives a || q81. Thinking in general, I am proud of our system of govern || 81. which of the following statements do you agree with most || 81a. Do you strongly agree or just agree with the chosen sta || 81 Thinking of whether you voted or not ever since you becam || 81  Thinking in general, I am proud of our system of governm","q81, q81, q81, q81a, q81, q81"
82,"W2, W3, W4, W4, W5, W5, W6",5,"Contacted officials of political parties or other political  || q82. A system like ours, even if it runs into problems, dese || 82. which of the following statements do you agree with most || 82a. Do you strongly agree or just agree with the chosen sta || 82 which of the following statements do you agree with most? || 82a Do you strongly agree or just agree with the chosen stat || 82  A system like ours, even if it runs into problems, deser","q82, q82, q82, q82a, q82, q82a, q82"
83,"W2, W3, W4, W5, W5, W6",5,"Contacted representative of non-government/civil society org || q83. I would rather live under our system of government than || 83. Over the long run, our system of government is capable o || 83 Which of the following statements do you agree with most? || 83a Do you strongly agree or just agree with the chosen stat || 83  I would rather live under our system of government than ","q83, q83, q83, q83, q83a, q83"
84,"W2, W3, W4, W5, W5, W6",5,"Contacted traditional leaders/community leaders (IN: Mass me || q84. Compared with other systems in the world, would you say || 84. Thinking in general, I am proud of our system of governm || 84 Which of the following statements do you agree with most? || 84a Do you strongly agree or just agree with the chosen stat || 84 Would you say our system of government works fine as it i","q84, q84, q84, q84, q84a, q84"
85,"W2, W3, W4, W5, W5, W6",5,"Contacted other influential people || q85. Many things may be desirable, but not all of them are e || 85 A system like ours, even if it runs into problems, deserv || 85 Which of the following statements do you agree with most? || 85a Do you strongly agree or just agree with the chosen stat || 85 Which one would you choose as the most essential characte","q85, q85, q85, q85, q85a, q85"
86,"W2, W3, W4, W5, W6",5,"Refused to pay taxes or fees to the government || q86. If you have to choose only one from each four sets of s || 86. I would rather live under our system of government than  || 86 Over the long run, our system of government is capable of || 86 Which one would you choose as the most essential characte","q86, q86, q86, q86, q86"
87,"W2, W3, W4, W5, W6",5,"Got together with others to raise an issue or sign a petitio || q87. If you have to choose only one from each four sets of s || 87. would you say our system of government works fine as it  || 87 Thinking in general, I am proud of our system of governme || 87 Which one would you choose as the most essential characte","q87, q87, q87, q87, q87"
88,"W2, W3, W4, W5, W6",5,"Attended a demonstration or protest march || q88. If you have to choose only one from each four sets of s || 88  which one would you choose as the most essential charact || 88 A system like ours, even if it runs into problems, deserv || 88 Which one would you choose as the most essential characte","q88, q88, q88, q88, q88"
89,"W2, W3, W4, W5, W6",5,"Used force or violence for a political cause || q89. On the whole, how satisfied or dissatisfied are you wit || 89. which one would you choose as the most essential charact || 89 I would rather live under our system of government than a || 89 To you, what does “democracy” mean? (open-ended) <optiona","q89, q89, q89, q89, q89"
90,"W2, W3, W4, W5, W6",5,"Thinking of whether you voted or not ever since you became e || q90. In your opinion how much of a democracy is [Country Nam || 90. which one would you choose as the most essential charact || 90 Would you say our system of government works fine as it i || 90 On the whole, how satisfied or dissatisfied are you with ","q90, q90, q90, q90, q90"
91,"W2, W2, W2, W3, W4, W5, W6",5,"To you, what does ""democracy"" mean?  What else? || Second Response || Third Response || q91. Here is a scale: 1 means completely undemocratic and 10 || 91. which one would you choose as the most essential charact || 91 The courts protects the ordinary people from the abuse of || 91 In your opinion how much of a democracy is our country?","q91_1, q91_2, q91_3, q91, q91, q91, q91"
92,"W2, W3, W4, W5, W6",5,"People often differ in their views on the characteristic tha || q92. Where would you place our country ten years ago? || 92 On the whole, how satisfied or dissatisfied are you with  || 92 Politics is clean and free of corruption || 92 Where would you place our country under the present gover","q92, q92, q92, q92, q92"
93,"W2, W3, W4, W5, W6",5,"On the whole, how satisfied or dissatisfied are you with the || q93. Where would you want our country to be in the future? || 93. In your opinion how much of a democracy is the country? || 93 People have the freedom to take part in protests and demo || 93 Where would you place our country ten years ago?","q93, q93, q93, q93, q93"
94,"W2, W3, W4, W5, W6",5,"In your opinion how much of a democracy is [country]? || q94. Here is a similar scale of 1 to 10 measuring the extent || 94 Where would you place our country under the present gover || 94 When making laws, the government seek advice from religio || 94 Where would you expect our country to be ten years from n","q94, q94, q94, q94, q94"
95,"W2, W3, W4, W5, W6",5,"Where would you place our country during the period of [the  || q95. How satisfied or dissatisfied are you with the [name of || 95 Where would you place our country ten years ago? || 95 Political leaders rule by following their own wisdom rath || 95 Where would you place our country today? Democracy is sui","q95, q95, q95, q95, q95"
96,"W2, W3, W4, W5, W6",5,"Where would you place our country under the present governme || q96. In your opinion, what are the most important problems f || 96 Where would you expect our country to be ten years from n || 96 Rule by one party that represents the interests of all cl || 96 How satisfied or dissatisfied are you with the current pr","q96, q96, q96, q96, q96"
97,"W2, W3, W4, W5, W6, W6, W6, W6, W6, W6",5,"To what extent would you want our country to be democratic n || q97. How likely is it that the government will solve the mos || 97 Whether you think democracy is suitable for our country || 97 Qualified candidates are pre-selected by religious leader || 97 What are the most important problems facing this country  || 97. Other specify responses || 97a What are the most important problems facing this country || 97a. Other specify responses || 97b What are the most important problems facing this country || 97b. Other specify responses","q97, q97, q97, q97, q97, q97other, q97a, q97aother, q97b, q97bother"
98,"W2, W3, W4, W5, W6",5,"Which would you think democracy is suitable for our country? || q98. Now I am going to read to you a list of statements that || 98 How satisfied or dissatisfied are you with the current go || 98 If you have to choose only one, which of the following yo || 98 How likely is it that the government will solve the most ","q98, q98, q98, q98, q98"
99,"W2, W3, W4, W4, W4, W5, W6",5,"How satisfied or dissatisfied are you with the [name of pres || q99. Political parties or candidates in our country have equ || 99 What are the first most important problems facing this co || 99a. What are the second most important problems facing this || 99b. What are the third most important problems facing this  || 99 On the whole, how satisfied or dissatisfied are you with  || 99 Citizens are able to remove a government they don't like ","q99, q99, q99, q99a, q99b, q99, q99"
100,"W2, W3, W4, W5, W6",5,"In your opinion, what are the most important questions facin || q100. Between elections, the people have no way of holding t || 100. How likely is it that the government will solve the mos || 100 In your opinion how much of a democracy is our country? || 100  In our country, parties and candidates not in power hav","q100, q100, q100, q100, q100"
101,"W2, W3, W4, W5, W6",5,"Second Response || q101. When government leaders break the laws, there is nothi || 101. People have the power to change a government they don't || 101 Where would you place our country under the present gove || 101  Between elections, the people have no way of holding th","q101, q101, q101, q101, q101"
102,"W2, W2, W3, W4, W5, W6",5,"Third Response || How likely is it that the government will solve the most imp || q102. Most citizens in our country don't make much effort to || 102. Political parties or candidates in our country have equ || 102 Where would you place our country ten years ago? || 102  When government leaders break the laws, there is nothin","q102, q102a, q102, q102, q102, q102"
103,"W2, W3, W4, W5, W6",5,"People have the power to change a government they don't like || q103. All citizens from different ethnic communities in Coun || 103. Between elections, the people have no way of holding th || 103 Where would you expect our country to be ten years from  || 103  All citizens from different ethnic communities in the [","q103, q103, q103, q103, q103"
104,"W2, W3, W4, W5, W6",5,"Our current courts always punish the guilty even if they are || q104. Rich and poor people are treated equally by the govern || 104. When government leaders break the laws, there is nothin || 104 Where would you place our country today? Democracy is su || 104  Rich and poor people are treated equally by the governm","q104, q104, q104, q104, q104"
105,"W2, W3, W4, W5, W6",5,"Political parties or candidates in our country have equal ac || q105. People have basic necessities like food, clothes, and  || 105. All citizens from different ethnic communities in the c || 105 How satisfied or dissatisfied are you with the current p || 105  People have basic necessities like food, clothes, and s","q105, q105, q105, q105, q105"
106,"W2, W3, W4, W5, W5, W5, W5, W5, W5, W6",5,"Between elections, the people have no way of holding the gov || q106. People are free to speak what they think without fear. || 106 Rich and poor people are treated equally by the governme || 106 What are the first most important problems facing this c || 106a What are the most important problems facing this countr || 106b What are the most important problems facing this countr || 106c:(India only) In your opinion, what are the most importa || 106d:(India only) In your opinion, what are the most importa || 106e:(India only) In your opinion, what are the most importa || 106  People are free to speak what they think without fear.","q106, q106, q106, q106, q106a, q106b, Q106c, Q106d, Q106e, q106"
107,"W2, W3, W4, W5, W6",5,"When the government breaks the laws, there is nothing the le || q107. People can join any organization they like without fea || 107. People have basic necessities like food, clothes, and s || 107 How likely is it that the government will solve the most || 107  People can join any organization they like without fear","q107, q107, q107, q107, q107"
108,"W2, W3, W4, W5, W6",5,"Everyone is treated equally by the government || q108. Do officials who commit crimes go unpunished? || 108. People are free to speak what they think without fear. || 108 Citizens are able to remove a government they don't like || 108 How often do government officials withhold important inf","q108, q108, q108, q108, q108"
109,"W2, W3, W4, W5, W6",5,"People have basic necessities like food, clothes, and shelte || q109. How often do government officials withhold important i || 109 People can join any organization they like without fear. || 109 In our country, parties and candidates not in power have || 109 How often do you think government leaders break the law ","q109, q109, q109, q109, q109"
110,"W2, W3, W4, W5, W6",5,"People are free to speak what they think without fear || q110. How often do you think government leaders break the la || 110 Do officials who commit crimes go unpunished? || 110 Between elections, the people have no way of holding the || 110 How often do you think our elections offer the voters a ","q110, q110, q110, q110, q110"
111,"W2, W3, W4, W5, W6",5,"People can join any organization the like without fear || q111.  How often do you think our elections offer the voters || 111 How often do government officials withhold important inf || 111 When government leaders break the laws, there is nothing || 111 To what extent is the legislature capable of keeping gov","q111, q111, q111, q111, q111"
112,"W2, W3, W4, W5, W6",5,"How often do government officials withhold important informa || q112. To what extent is the legislature capable of keeping g || 112 How often do you think government leaders break the law  || 112 All citizens from different ethnic communities in the co || 112 How well do you think the government responds to what pe","q112, q112, q112, q112, q112"
113,"W2, W3, W4, W5, W6",5,"How often do national government officials abide by the law? || q113. How well do you think the government responds to what  || 113 How often do you think our elections offer the voters a  || 113 Rich and poor people are treated equally by the governme || 113 How much do you feel that having elections make the gove","q113, q113, q113, q113, q113"
114,"W2, W3, W4, W5, W6",5,"How often do your think our elections offer the voters a rea || q114. In your neighborhood or community, do people voice the || 114 To what extent is the legislature capable of keeping gov || 114 People have basic necessities like food, clothes, and sh || 114 How capable is the government of enforcing laws and impl","q114, q114, q114, q114, q114"
115,"W2, W3, W4, W5, W6",5,"To what extent is the legislature capable of keeping the gov || q115. How much do you feel that having elections makes the g || 115 How well do you think the government responds to what pe || 115 People are free to speak what they think without fear || 115 How widespread do you think corruption and bribe-taking ","q115, q115, q115, q115, q115"
116,"W2, W3, W4, W5, W6",5,"How well do you think the government responds to what people || q116. How widespread do you think corruption and bribe-takin || 116 How much do you feel that having elections makes the gov || 116 People can join any organization they like without fear || 116 How widespread do you think corruption and bribe-taking ","q116, q116, q116, q116, q116"
117,"W2, W3, W4, W5, W6",5,"How widespread do you think corruption and bribe-taking are  || q117. How widespread do you think corruption and bribe-takin || 117 How widespread do you think corruption and bribe-taking  || 117 How often do government officials withhold important inf || 117 How effective is the government in cracking down on corr","q117, q117, q117, q117, q117"
118,"W2, W3, W4, W5, W6",5,"How widespread do you think corruption and bribe-taking are  || q118. In your opinion, is the government working to crack do || 118 How widespread do you think corruption and bribe-taking  || 118 How often do you think government leaders break the law  || 118 Have you or anyone you know personally witnessed an act ","q118, q118, q118, q118, q118"
119,"W2, W2, W2, W2, W3, W3, W3, W3, W4, W5, W6, W6, W6",5,"Have you or anyone you know personally witnessed an act of c || 119_1 Personally witnessed || 119_2 Told about it by family member || 119_3 Told about it by friend || q119. Have you or anyone you know personally witnessed an ac || 119 In your opinion, is the government working to crack down || 119 How often do you think our elections offer the voters a  || 119a Did you personally witness it or were you told about it || 119b Did you personally witness it or were you told about it || 119c Did you personally witness it or were you told about it","q119, q119_1, q119_2, q119_3, q119, q119_1, q119_2, q119_3, q119, q119, q119a, q119b, q119c"
120,"W2, W3, W4, W5, W6",5,"In your opinion, is the government working to crackdown corr || q120. Remember the scale that we used before: 1 means comple || 120 Have you or anyone you know personally witnessed an act  || 120 To what extent is the legislature capable of keeping gov || 120 Where would you place China today on this scale?","q120, q120, q120, q120, q120"
121,"W2, W3, W4, W5, W6",5,"Which of the following statements comes closest to your own  || q121. Where would you place the United States today on this  || 121 Where would you place China today on this scale? || 121 How well do you think the government responds to what pe || 121 Where would you place the United States of America today","q121, q121, q121, q121, q121"
122,"W2, W3, W4, W5, W6",5,"Which of the following statements comes closer to your own v || q122. Where would you place Japan today on this scale? || 122 Where would you place the United States today on this sc || 122 How much do you feel that having elections makes the gov || 122 Where would you place Japan today on this scale?","q122, q122, q122, q122, q122"
123,"W2, W3, W4, W5, W6",5,"If you had to choose between democracy and economic developm || q123. Where would you place India today on this scale? || 123 Where would you place Japan on this scale? || 123 How capable is the government of enforcing laws and impl || 123 Where would you place India today on this scale?","q123, q123, q123, q123, q123"
124,"W2, W3, W4, W5, W6",5,"We should get rid of parliament and elections and have a str || q124. Which of the following statements comes closest to you || 124 Where would you place India on this scale? || 124 How widespread do you think corruption and bribe-taking  || 124 Which of the following statements comes closest to your ","q124, q124, q124, q124, q124"
125,"W2, W3, W4, W5, W6",5,"Only one political party is allowed to stand for election an || q125. Which of the following statements comes closer to your || 125 Which of the following statements comes closest to your  || 125 How widespread do you think corruption and bribe-taking  || 125 Which of the following statements comes closer to your o","q125, q125, q125, q125, q125"
126,"W2, W3, W4, W5, W6",5,"The army should come in to govern the country || q126. If you had to choose between democracy and economic de || 126 Which of the following statements comes closer to your o || 126 How effective is the government in cracking down on corr || 126 If you had to choose between democracy and economic deve","q126, q126, q126, q126, q126"
127,"W2, W3, W4, W5, W5, W5, W5, W6",5,"I think I have the ability to participate in politics || q127. If you had to choose between reducing economic inequal || 127 If you had to choose between democracy and economic deve || 127 Have you or anyone you know personally witnessed an act  || 127a_1 Did you personally witness it or were you told about  || 127a_2  Did you personally witness it or were you told about || 127a_3  Did you personally witness it or were you told about || 127 If you had to choose between reducing economic inequalit","q127, q127, q127, q127, q127a_1, q127a_2, q127a_3, q127"
128,"W2, W3, W4, W5, W6",5,"Sometimes politics and government seems so complicated that  || q128. Do you agree or disagree with the following statement: || 128 If you had to choose between reducing economic inequalit || 128 Where would you place China today on this scale? || 128 Do you agree or disagree with the following statement: '","q128, q128, q128, q128, q128"
129,"W2, W3, W3, W3, W4, W5, W6",5,"Whatever its faults may be, our form of government is still  || q129. There are many ways to govern a country. Would you dis || strong leader || sum of Q129a_q131a(reject all authoritarian options) || 129 Do you agree or disagree with the following statement: "" || 129 Where would you place the United States today on this sc || 129 We should get rid of parliament and elections and have a","q129, q129, q129a, q129a_q131a, q129, q129, q129"
130,"W2, W3, W3, W4, W5, W6",5,"You can generally trust the people who run our government to || q130. Only one political party should be allowed to stand fo || one poltical party || 130 We should get rid of parliament and elections and have a || 130 Where would you place Japan today on this scale? || 130 Only one political party is allowed to stand for electio","q130, q130, q130a, q130, q130, q130"
131,"W2, W3, W3, W4, W5, W6",5,"Generally speaking, we can trust the local government offici || q131. The army (military) should come in to govern the count || army || 131 Only one political party should be allowed to stand for  || 131 Where would you place India today on this scale? || 131 The army (military) should come in to govern the country","q131, q131, q131a, q131, q131, q131"
132,"W2, W3, W4, W5, W6",5,"Which of these two statements comes closer to your own view || q132. We should get rid of elections and parliaments and hav || 132 The army (military) should come in to govern the country || 132 Which of the following statements comes closest to your  || 132 We should get rid of elections and parliaments and have ","q132, q132, q132, q132, q132"
133,"W2, W3, W4, W5, W6",5,"People with little or no education should have as much say i || q133. I have here some statements. For each statement, would || 133 We should get rid of elections and parliaments and have  || 133 Which of the following statements comes closer to your o || 133 I think I have the ability to participate in politics.","q133, q133, q133, q133, q133"
134,"W2, W3, W4, W5, W6",5,"Government leaders are like the head of a family; we should  || q134. Sometimes politics and government seems so complicated || 134 I think I have the ability to participate in politics. || 134 If you had to choose between democracy and economic deve || 134 Sometimes politics and government seems so complicated t","q134, q134, q134, q134, q134"
135,"W2, W3, W4, W5, W6",5,"The government should decide whether certain ideas should be || q135. People like me don't have any influence over what the  || 135 Sometimes politics and government seems so complicated t || 135 If you had to choose between reducing economic inequalit || 135 People like me don't have any influence over what the go","q135, q135, q135, q135, q135"
136,"W2, W3, W4, W5, W6",5,"Harmony of the community will be disrupted if people organiz || q136. You can generally trust the people who run our governm || 136 People like me don't have any influence over what the go || 136 Do you agree or disagree with the following statement: "" || 136 You can generally trust the people who run our governmen","q136, q136, q136, q136, q136"
137,"W2, W3, W4, W5, W6",5,"When judges decide important cases, they should accept the v || q137. A citizen should always remain loyal only to his count || 137 You can generally trust the people who run our governmen || 137 We should get rid of parliament and elections and have a || 137 A citizen should always remain loyal only to his country","q137, q137, q137, q137, q137"
138,"W2, W3, W4, W5, W6",5,"If the government is constantly checked by the legislature,  || q138. I have here other statements. For each statement, woul || 138 A citizen should always remain loyal only to his country || 138 Only one political party should be allowed to stand for  || 138 Have you or your family members previously contracted th","q138, q138, q138, q138, q138"
139,"W2, W3, W4, W5, W6, W6, W6, W6",5,"If we have political leaders who are morally upright, we can || q139. Women should not be involved in politics as much as me || 139 Women should not be involved in politics as much as men || 139 The army (military) should come in to govern the country || 139a Did you or a member of your family suffer from serious  || 139b Did you or a member of your family suffer from loss of  || 139c Did you or a member of your family suffer from loss of  || 139d Did you or a member of your family suffer from disrupti","q139, q139, q139, q139, q139a, q139b, q139c, q139d"
140,"W2, W3, W4, W5, W6",5,"If people have too many different ways of thinking, society  || q140. People with little or no education should have as much || 140 The government should consult religious authorities when || 140 We should get rid of elections and parliaments and have  || 140 Thinking of the negative impact of Covid-19 on your fami","q140, q140, q140, q140, q140"
141,"W2, W3, W3, W3, W4, W5, W6",5,"When the country is facing a difficult situation, it is ok f || q141. Government leaders are like the head of a family; we s || government leader || average rejection of authoritarian values || 141 People with little or no education should have as much s || 141 I think I have the ability to participate in politics || 141 How much do you trust the Covid-19 related information p","q141, q141, q141a, q141a_q147a, q141, q141, q141"
142,"W2, W3, W3, W4, W5, W6",5,"The government should maintain ownership of major state-owne || q142. The government should decide whether certain ideas sho || certain ideas || 142 Government leaders are like the head of a family; we sho || 142 Sometimes politics and government seems so complicated t || 142 How well or badly do you think the government handled th","q142, q142, q142a, q142, q142, q142"
143,"W2, W3, W3, W4, W5, W6, W6, W6, W6, W6",5,"The local government should have more authority over local d || q143. Harmony of the community will be disrupted if people o || Harmony of the community || 143 The government should decide whether certain ideas shoul || 143 People like me don`t have any influence over what the go || 143aWhen there is a public health challenge like the coronav || 143b To limit freedom of speech or assembly || 143c To censor the media || 143d To track citizens’ locations at all times || 143e To impose a lockdown for a long time","q143, q143, q143a, q143, q143, q143a, q143b, q143c, q143d, q143e"
144,"W2, W3, W3, W4, W5, W6",5,"Our country should defend our way of life instead of becomin || q144. When judges decide important cases, they should accept || judges || 144 Harmony of the community will be disrupted if people org || 144 You can generally trust the people who run our governmen || 144 Have you been vaccinated against Covid-19?","q144, q144, q144a, q144, q144, q144"
145,"W2, W3, W3, W4, W5, W6, W6",5,"In order to preserve social justice, the government should p || q145. If the government is constantly checked [i.e. monitore || checked by the legislature || 145 When judges decide important cases, they should accept t || 145 A citizen should always remain loyal only to his country || 145 Why do you prefer not to be vaccinated against Covid-19? || 145. Other specify responses","q145, q145, q145a, q145, q145, q145, q145other"
146,"W2, W3, W3, W4, W5, W6",5,"Our country should become more self-sufficient and less reli || q146. If we have political leaders who are morally upright,  || political leaders || 146 If the government is constantly checked [i.e. monitored  || 146 Women should not be involved in politics as much as men || 146 I have here other statements: Women should not be involv","q146, q146, q146a, q146, q146, q146"
147,"W2, W3, W3, W4, W5, W6",5,"Let us suppose that you had to choose between being a..... w || q147. If people have too many different ways of thinking, so || chaotic || 147 If we have political leaders who are morally upright, we || 147 The government should consult religious authorities when","q147, q147, q147a, q147, q147, q147"
148,"W2, W3, W4, W5, W6",5,"These people should have the equal right to do whatever they || q148. When the country is facing a difficult situation, it i || 148 If people have too many different ways of thinking, soci || 148 People with little or no education should have as much s","q148, q148, q148, q148, q148"
149,"W2, W3, W4, W5, W6",5,"They should enjoy the same right as other citizens to vote i || q149. How closely do you follow major events in foreign coun || 149 When the country is facing a difficult situation, it is  || 149 Government leaders are like the head of a family; we sho","q149, q149, q149, q149, q149"
150,"W2, W3, W4, W5, W6",5,"Their basic well-being should be taken care of by the govern || q150. How often do you watch or listen to foreign programs ( || 150 How closely do you follow major events in foreign countr || 150 The government should decide whether certain ideas shoul","q150, q150, q150, q150, q150"
151,"W2, W3, W4, W5, W6",5,"A citizen who does not actively participate in the affairs o || q151. Our country should defend our way of life instead of b || 151 Our country should defend our way of life instead of bec || 151 Harmony of the community will be disrupted if people org","q151, q151, q151, q151, q151"
152,"W2, W3, W4, W5, W6",5,"Citizens should always obey laws and regulations, even if th || q152. Do you agree or disagree with the following statement: || 152 Do you agree or disagree with the following statement: "" || 152 When judges decide important cases, they should accept t","q152, q152, q152, q152, q152"
153,"W2, W3, W4, W5, W6",5,"Do you agree or disagree with the following statement: ""A ci || q153. Do you agree or disagree with the following statement: || 153 Do you think the government should increase or decrease  || 153 If the government is constantly checked [i.e. monitored  || 153 If the government is constantly checked by the legislatu","q153, q153, q153, q153, q153"
154,"W2, W3, W4, W5, W6",5,"How proud are you to be a citizen of [Country] || q154. How proud are you to be a citizen of (COUNTRY)? || 154 Which of these statements comes closer to your view? || 154 If we have political leaders who are morally upright, we","q154, q154, q154, q154, q154"
155,"W2, W3, W4, W5, W6",5,"Given the chance, how willing would you be to go and live in || q155. Given the chance, how willing would you be to go and l || 155 How fair do you think income distribution is in the coun || 155 If people have too many different ways of thinking, soci","q155, q155, q155, q155, q155"
156,"W2, W3, W4, W5, W5, W5, W6, W6, W6",5,"Relation: The European Community or European Union || q156. Which country has the most influence in Asia? || 156 It is the responsibility of the government to reduce the || 156 Which of the following statements do you agree with the  || 156a Do you strongly agree or just agree with the chosen sta || 156_1 Our country should do more to learn from other countri || 156 Choose one statement.","q156, q156, q156, q156, q156a, q156_1, q156, q156a, q156_1"
157,"W2, W3, W3, W3, W4, W5, W5, W5, W6, W6, W6",5,"Relation: The United Nations or UN || q157. Does (answer in Q156) do more good or harm to the regi || q157a. Does China do more good or harm to the region? || q157b. Does China do more good or harm to the region? (Wheth || 157 How concerned are you about the loss of your major sourc || 157 Which of the following statements do you agree with the  || 157a Do you strongly agree or just agree with the chosen sta || 157_1 Our country should do more trade with other countries( || 157 Choose one statement.","q157, q157, q157a, q157b, q157, q157, q157a, q157_1, q157, q157a, q157_1"
158,"W2, W3, W4, W5, W6",5,"Relation: International Monetary Fund or IMF || q158. In ten years, which country will have the most influen || 158 The following is a hypothetical question: If you were un || 158 Do you think the government should increase or decrease ","q158, q158, q158, q158, q158"
159,"W2, W3, W4, W4, W5, W6",5,"Relation: World Bank || q159. Which country should be a model for our own country's  || 159 Considering all the effort that you and your family memb || 159a Considering all the effort that you and your family mem || 159 How fair do you think income distribution is in the coun || 159 How fair do you think income distribution in Mongolia","q159, q159, q159, q159a, q159, q159"
160,"W2, W3, W4, W5, W5, W5, W5, W6, W6, W6, W6",5,"Impression: The European Community or European Union || q160. How much influence does China have on our country? || 160 As compared to my parent's generation, my generation has || 160a It is the responsibility of the government to narrow th || 160b It is the responsibility of the government to make sure || 160c It is the responsibility of the government to make sure || 160d It is the responsibility of the government to make sure || 160a Narrow the gap between the rich and the poor || 160b Make sure that everyone has affordable housing || 160c Make sure that everyone has access to basic medical car || 160d Make sure that basic necessities such as food and shelt","q160, q160, q160, q160a, q160b, q160c, q160d, q160a, q160b, q160c, q160d"
161,"W2, W3, W4, W5, W6",5,"Impression: The United Nations or UN || q161. General speaking, the influence China has on our count || 161 How proud are you to be a citizen of the country? Are yo || 161 How worried are you that your family might lose its majo","q161, q161, q161, q161, q161"
21,"W3, W4, W5, W6, W6",4,"q21. Second Organization || 21. Name of the organization you belong to. Second || 21  Which organization you participate most actively in the  || 21 Which organization you participate most actively in the l || 21 Other specify responses","q21, q21, q21, q21, q21_other"
22,"W3, W4, W5, W6",4,"q22. Third Organization || 22. Name of the organization that you belong to. Third || 22 Would you say that ""Most people can be trusted"" or ""that  || 22 Would you say that 'Most people can be trusted' or 'that ","q22, q22, q22, q22"
162,"W2, W4, W5, W6",4,"Impression: International Monetary Fund or IMF || 162 Given the chance, how willing would you be to go and liv || 162 The following is a hypothetical question: If your family || 162 The following is a hypothetical question: If you were un","q162, q162, q162, q162"
163,"W2, W4, W5, W6",4,"Impression: World Bank || 163 Which country has the most influence in Asia? || 163 Considering all the effort that you and your family memb","q163, q163, q163, q163"
164,"W2, W4, W5, W6",4,"Impression: United States || 164 Does the United States do more good or harm to the regio || 164 As compared to my parent's generation, my generation has","q164, q164, q164, q164"
165,"W2, W4, W5, W6",4,"Impression: China || 165 Does China do more good or harm to the region? || 165 Will the next generation have had a better or worse life","q165, q165, q165, q165"
166,"W2, W4, W5, W6",4,"Impression: Japan || 166 In ten years, which country will have the most influence || 166 How proud are you to be a citizen of the country? || 166 How proud are you to be a citizen of (COUNTRY)? Are you.","q166, q166, q166, q166"
167,"W4, W5, W6",3,"167 Which country should be a model for our own country's fu || 167 Given the chance, how willing would you be to go and liv","q167, q167, q167"
168,"W4, W5, W6",3,"168 How much influence does China have on our country? || 168 Under a democratic system, the country endures poor econ || 168 In order to solve the country’s urgent problems, a leade","q168, q168, q168"
169,"W4, W5, W6",3,"169 General speaking, the influence China has on our country || 169 Democratic regimes are indecisive and full of problems || 169 As long as a government can solve our country’s economic","q169, q169, q169"
170,"W4, W5, W6",3,"170 How much influence does the United States have on our co || 170 Democratic systems are not effective at maintaining orde || 170This country needs a leader who can break the rules if ne","q170, q170, q170"
171,"W4, W5, W6",3,"171 General speaking, the influence the United States has on || 171 The citizens in our country are not prepared for a democ || 171 As long as the government can maintain order and stabili","q171, q171, q171"
172,"W4, W5, W6, W6, W6, W6, W6",3,"172 How close do you feel to ASEAN? (ASEAN countries only) || 172 Democracy negatively affects social and ethical values i || 172a Which circumstance would justify the governments's use  || 172b An economic crisis that has caused the loss of many job || 172c Widespread corruption that the president [PM] claims ca || 172d A security crisis due to social unrest or terrorism || 172e The country is at war","q172, q172, q172a, q172b, q172c, q172d, q172e"
